{
    "Modules": {
        "...MASTER...": {
            "end_perf": [
                0.81522011756896973,
                0.22400200000000001,
                0.049778000000000003,
                292236,
                293792,
                25904202480311360,
                0,
                0
            ],
            "start_perf": [
                0.80868411064147949,
                0.22244900000000001,
                0.048663999999999999,
                292236,
                293792,
                1736141545.247601,
                25904202458776872
            ],
            "child_modules": {
                "sram_1920x16_dp_bit_en": 1,
                "sram_2048x16_dp": 1,
                "sram_1920x1152_dp": 1,
                "tb_PostProcessing_Top": 1,
                "sram_270x80_dp": 1,
                "sram_1920x32_dp_bit_en": 1,
                "sram_1920x896_dp": 1,
                "sram_2048x8_dp": 1,
                "std": 1,
                "sram_270x16_dp": 1,
                "sram_1920x40_dp_bit_en": 1,
                "sram_1920x160_dp_bit_en": 1,
                "sram_1920x64_dp_bit_en": 1
            },
            "nQuads": 122,
            "nMops": 243,
            "nRouts": 126
        },
        "sram_1920x64_dp_bit_en": {
            "end_perf": [
                0.97639107704162598,
                0.38081100000000001,
                0.053724000000000001,
                294652,
                294652,
                25904203011037230,
                60129542145,
                0
            ],
            "start_perf": [
                0.96964597702026367,
                0.37408200000000003,
                0.053724000000000001,
                294652,
                294652,
                1736141545.4085629,
                25904202988787196
            ],
            "child_modules": {},
            "Compiled": "Yes",
            "nQuads": 428,
            "Compiled Times": 4,
            "nMops": 1116,
            "nRouts": 63
        },
        "FIFO_width1": {
            "end_perf": [
                1.0320689678192139,
                0.43429299999999998,
                0.055789999999999999,
                294652,
                294652,
                25904203194280360,
                176093659137,
                0
            ],
            "start_perf": [
                1.0245270729064941,
                0.42676900000000001,
                0.055789999999999999,
                294652,
                294652,
                1736141545.463444,
                25904203169421558
            ],
            "child_modules": {},
            "Compiled": "Yes",
            "nQuads": 803,
            "Compiled Times": 4,
            "nMops": 2288,
            "nRouts": 89
        },
        "tb_PostProcessing_Top": {
            "start_perf": [
                0.81771516799926758,
                0.22558,
                0.050680999999999997,
                292236,
                293792,
                1736141545.2566321,
                25904202488493852
            ],
            "end_perf": [
                0.94904017448425293,
                0.35448600000000002,
                0.052774000000000001,
                294652,
                294652,
                25904202920913874,
                12884901889,
                0
            ],
            "child_modules": {
                "FIFO_width1": 2,
                "sort_3": 5,
                "sram_512x16_dp_bit_en": 2,
                "sram_1936x18_dp_bit_en": 2,
                "LR_check": 1
            },
            "Compiled": "Yes",
            "Compiled Times": 4,
            "nQuads": 12038,
            "significant_routs": [
                [
                    1,
                    "R_VCSgd_I2ZUT_1",
                    13566612,
                    10387,
                    1493
                ]
            ],
            "nMops": 28040,
            "nRouts": 1316
        },
        "sram_2048x8_dp": {
            "end_perf": [
                1.0067601203918457,
                0.40904299999999999,
                0.055789999999999999,
                294652,
                294652,
                25904203110972836,
                85899345921,
                0
            ],
            "start_perf": [
                1.0025651454925537,
                0.40485900000000002,
                0.055789999999999999,
                294652,
                294652,
                1736141545.4414821,
                25904203097117056
            ],
            "child_modules": {},
            "Compiled": "Yes",
            "nQuads": 326,
            "Compiled Times": 4,
            "nMops": 900,
            "nRouts": 51
        },
        "std": {
            "start_perf": [
                0.81529617309570312,
                0.22400200000000001,
                0.049845,
                292236,
                293792,
                1736141545.2542131,
                25904202480532776
            ],
            "end_perf": [
                0.81768298149108887,
                0.225553,
                0.050674999999999998,
                292236,
                293792,
                25904202488415216,
                8589934594,
                0
            ],
            "child_modules": {},
            "Compiled": "Yes",
            "Compiled Times": 4,
            "nQuads": 218,
            "svclass": [
                "$vcs_nba_dyn_obj",
                0,
                35,
                2,
                2,
                0,
                "sigprop$$",
                0,
                35,
                2,
                2,
                0,
                "process",
                0,
                200,
                8,
                8,
                0,
                "event",
                0,
                34,
                2,
                2,
                0,
                "mailbox",
                0,
                140,
                9,
                9,
                0,
                "semaphore",
                0,
                84,
                5,
                5,
                0
            ],
            "nMops": 528,
            "nRouts": 33
        },
        "sram_1920x40_dp_bit_en": {
            "end_perf": [
                0.95201706886291504,
                0.35744999999999999,
                0.052780000000000001,
                294652,
                294652,
                25904202930691554,
                30064771073,
                0
            ],
            "start_perf": [
                0.94908618927001953,
                0.35452600000000001,
                0.052780000000000001,
                294652,
                294652,
                1736141545.3880031,
                25904202921002714
            ],
            "child_modules": {},
            "Compiled": "Yes",
            "nQuads": 428,
            "Compiled Times": 4,
            "nMops": 1116,
            "nRouts": 63
        },
        "LR_check": {
            "end_perf": [
                1.0244770050048828,
                0.42671900000000001,
                0.055789999999999999,
                294652,
                294652,
                25904203169290482,
                154618822657,
                0
            ],
            "start_perf": [
                1.0180289745330811,
                0.42028700000000002,
                0.055789999999999999,
                294652,
                294652,
                1736141545.4569459,
                25904203148027540
            ],
            "child_modules": {},
            "Compiled": "Yes",
            "nQuads": 662,
            "Compiled Times": 4,
            "nMops": 1762,
            "nRouts": 76
        },